State,Constituency,Const. No.,Leading Candidate,Leading Party,Trailing Candidate,Trailing Party,Margin,Current Round,Total Rounds,Status
Tamil Nadu,ALANDUR,28,M.HARISH,Tamilaga Vettri Kazhagam,T.M.ANBARASAN,Dravida Munnetra Kazhagam,22212,17,31,Result in Progress
Tamil Nadu,ALANGUDI,182,SIVA.V.MEYYANATHAN,Dravida Munnetra Kazhagam,DHANA VIMAL,All India Anna Dravida Munnetra Kazhagam,7907,14,21,Result in Progress
Tamil Nadu,ALANGULAM,223,PAUL MANOJ PANDIAN,Dravida Munnetra Kazhagam,K R P PRABAKARAN,All India Anna Dravida Munnetra Kazhagam,6721,21,24,Result in Progress
Tamil Nadu,AMBASAMUDRAM,225,DR.ESAKKI SUBAYA,All India Anna Dravida Munnetra Kazhagam,V.P.DURAI,Indian National Congress,10245,23,23,Result in Progress
Tamil Nadu,AMBATTUR,8,BALAMURUGAN.G,Tamilaga Vettri Kazhagam,DR A.P. POORNIMA,Dravida Munnetra Kazhagam,48643,21,27,Result in Progress
Tamil Nadu,AMBUR,48,VILWANATHAN. A.C.,Dravida Munnetra Kazhagam,IMTHIYAZ PANDARATTUDU ABDU,Tamilaga Vettri Kazhagam,9473,14,22,Result in Progress
Tamil Nadu,ANAIKATTU,44,D.VELAZHAGAN,All India Anna Dravida Munnetra Kazhagam,A.P.NANDAKUMAR,Dravida Munnetra Kazhagam,6436,16,22,Result in Progress
Tamil Nadu,ANDIPATTI,198,MAHARAJAN.A,Dravida Munnetra Kazhagam,LOGIRAJAN.A,All India Anna Dravida Munnetra Kazhagam,5250,19,25,Result in Progress
Tamil Nadu,ANNA NAGAR,21,V.K.RAMKUMAR,Tamilaga Vettri Kazhagam,N.CHITRARASU,Dravida Munnetra Kazhagam,21363,20,20,Result Declared
Tamil Nadu,ANTHIYUR,105,HARIBASKAR.P,All India Anna Dravida Munnetra Kazhagam,SIVABALAN.M,Dravida Munnetra Kazhagam,1363,20,20,Result in Progress
Tamil Nadu,ARAKKONAM,38,V. GANDHIRAJ,Tamilaga Vettri Kazhagam,EZHIL CAROLINE,Viduthalai Chiruthaigal Katchi,22776,20,22,Result in Progress
Tamil Nadu,ARANI,67,JAYASUDHA. L,All India Anna Dravida Munnetra Kazhagam,MAHALAKSHMI GOVARTHANAN,Dravida Munnetra Kazhagam,5094,22,24,Result in Progress
Tamil Nadu,ARANTHANGI,183,MOHAMED FARVAS. J,Tamilaga Vettri Kazhagam,RAMACHANDRAN . T,Indian National Congress,9202,21,23,Result in Progress
Tamil Nadu,ARAVAKURICHI,134,ELANGO. R,Dravida Munnetra Kazhagam,KARTHIKEYAN. P,Tamilaga Vettri Kazhagam,18500,18,20,Result in Progress
Tamil Nadu,ARCOT,42,S.M.SUKUMAR,All India Anna Dravida Munnetra Kazhagam,G.VIJAY MOHAN,Tamilaga Vettri Kazhagam,24358,15,23,Result in Progress
Tamil Nadu,ARIYALUR,149,RAJENDRAN S,All India Anna Dravida Munnetra Kazhagam,LATHA BALU,Dravida Munnetra Kazhagam,24498,25,25,Result in Progress
Tamil Nadu,ARUPPUKKOTTAI,207,RAMACHANDRAN. K.K.S.S.R,Dravida Munnetra Kazhagam,KARTHIK KUMAR. K,Tamilaga Vettri Kazhagam,1217,16,20,Result in Progress
Tamil Nadu,ATHOOR,129,I. PERIASAMY,Dravida Munnetra Kazhagam,N. KALAISELVI,Tamilaga Vettri Kazhagam,22204,20,25,Result in Progress
Tamil Nadu,ATTUR,82,JAYASANKARAN. A.P.,All India Anna Dravida Munnetra Kazhagam,SELVABHARATHI. R.,Tamilaga Vettri Kazhagam,13950,21,23,Result in Progress
Tamil Nadu,AVADI,6,R.RAMESH KUMAR,Tamilaga Vettri Kazhagam,S.M.NASAR,Dravida Munnetra Kazhagam,48013,17,26,Result in Progress
Tamil Nadu,AVANASHI,112,KAMALI.S,Tamilaga Vettri Kazhagam,DR. L. MURUGAN,Bharatiya Janata Party,8965,22,27,Result in Progress
Tamil Nadu,BARGUR,52,E. MURALIDHARAN,Tamilaga Vettri Kazhagam,E.C. GOVINDARASAN,All India Anna Dravida Munnetra Kazhagam,442,16,24,Result in Progress
Tamil Nadu,BHAVANI,104,KARUPPANAN. K.C,All India Anna Dravida Munnetra Kazhagam,BALAKRISHNAN,Tamilaga Vettri Kazhagam,5958,16,22,Result in Progress
Tamil Nadu,BHAVANISAGAR,107,V.P.TAMILSELVI,Tamilaga Vettri Kazhagam,A.BANNARI,All India Anna Dravida Munnetra Kazhagam,4327,23,24,Result in Progress
Tamil Nadu,BHUVANAGIRI,157,ARUNMOZHITHEVAN . A,All India Anna Dravida Munnetra Kazhagam,SARAVANAN. DURAI . K,Dravida Munnetra Kazhagam,6076,17,22,Result in Progress
Tamil Nadu,BODINAYAKANUR,200,PANNEERSELVAM.O,Dravida Munnetra Kazhagam,PRAKASH.S,Tamilaga Vettri Kazhagam,4035,20,25,Result in Progress
Tamil Nadu,CHENGALPATTU,32,S. THIYAGARAJAN,Tamilaga Vettri Kazhagam,KARTHIKDHANDAPANI,Dravida Munnetra Kazhagam,17527,16,36,Result in Progress
Tamil Nadu,CHENGAM,62,S.VELU,All India Anna Dravida Munnetra Kazhagam,K BHARATHIDHASAN,Tamilaga Vettri Kazhagam,9373,16,25,Result in Progress
Tamil Nadu,CHEPAUK-THIRUVALLIKENI,19,UDHAYANIDHI STALIN,Dravida Munnetra Kazhagam,SELVAM. D,Tamilaga Vettri Kazhagam,10209,14,17,Result in Progress
Tamil Nadu,CHEYYAR,68,MUKKUR N. SUBRAMANIAN,All India Anna Dravida Munnetra Kazhagam,DUSI K MOHAN,Tamilaga Vettri Kazhagam,21081,24,24,Result in Progress
Tamil Nadu,CHEYYUR,34,RAJASEKAR. E,All India Anna Dravida Munnetra Kazhagam,MOHAN RAJA.M.G.K,Tamilaga Vettri Kazhagam,5668,22,22,Result in Progress
Tamil Nadu,CHIDAMBARAM,158,THAMIMUN ANSARI. M,Dravida Munnetra Kazhagam,PANDIAN. K.A,All India Anna Dravida Munnetra Kazhagam,5033,16,22,Result in Progress
Tamil Nadu,COIMBATORE (NORTH),118,V. SAMPATHKUMAR,Tamilaga Vettri Kazhagam,DURAI. SENTHAMIL SELVAN B.E,Dravida Munnetra Kazhagam,12478,13,25,Result in Progress
Tamil Nadu,COIMBATORE (SOUTH),120,V SENTHILBALAJI,Dravida Munnetra Kazhagam,V. SENTHILKUMAR,Tamilaga Vettri Kazhagam,6167,14,20,Result in Progress
Tamil Nadu,COLACHAL,231,THARAHAI CUTHBERT,Indian National Congress,PREM ALEX LAWRENCE,Tamilaga Vettri Kazhagam,2263,16,23,Result in Progress
Tamil Nadu,COONOOR,110,M. RAJU,Dravida Munnetra Kazhagam,A. RAMU,All India Anna Dravida Munnetra Kazhagam,8099,18,18,Result Declared
Tamil Nadu,CUDDALORE,155,B.RAJKUMAR,Tamilaga Vettri Kazhagam,A.S.CHANDARASEKARAN,Indian National Congress,14659,17,19,Result in Progress
Tamil Nadu,CUMBUM,201,JEGANATHMISHRA PLA,Tamilaga Vettri Kazhagam,ERAMAKRISHNAN N,Dravida Munnetra Kazhagam,122,15,25,Result in Progress
Tamil Nadu,DHARAPURAM,101,SATHYABAMA.P,All India Anna Dravida Munnetra Kazhagam,INDIRANI.T,Dravida Munnetra Kazhagam,16579,23,24,Result in Progress
Tamil Nadu,DHARMAPURI,59,SOWMIYA ANBUMANI,Pattali Makkal Katchi,SIVAN. M.,Tamilaga Vettri Kazhagam,20896,23,23,Result in Progress
Tamil Nadu,DINDIGUL,132,SENTHILKUMAR. I.P,Dravida Munnetra Kazhagam,NAZEER RAJA. G,Tamilaga Vettri Kazhagam,574,24,26,Result in Progress
Tamil Nadu,DR.RADHAKRISHNAN NAGAR,11,N. MARIE WILSON,Tamilaga Vettri Kazhagam,J. JOHN EBENEZER,Dravida Munnetra Kazhagam,29688,11,18,Result in Progress
Tamil Nadu,EDAPPADI,86,EDAPPADI PALANISWAMI. K,All India Anna Dravida Munnetra Kazhagam,PREMKUMAR. K,Independent,96471,24,25,Result in Progress
Tamil Nadu,EGMORE,16,RAJMOHAN,Tamilaga Vettri Kazhagam,TAMILAN PRASANNA,Dravida Munnetra Kazhagam,10804,15,15,Result in Progress
Tamil Nadu,ERODE (EAST),98,M.VIJAY BALAJI,Tamilaga Vettri Kazhagam,GOPINATH PALANIYAPPAN,Indian National Congress,23966,20,20,Result in Progress
Tamil Nadu,ERODE (WEST),99,ANANTH MOGHAN K.K.,Tamilaga Vettri Kazhagam,S. MUTHUSAMY,Dravida Munnetra Kazhagam,22352,20,24,Result in Progress
Tamil Nadu,GANDHARVAKOTTAI,178,N. SUBRAMANIAN,Tamilaga Vettri Kazhagam,C. UTHAYAKUMAR,Bharatiya Janata Party,8828,14,18,Result in Progress
Tamil Nadu,GANGAVALLI,81,NALLATHAMBI. A,All India Anna Dravida Munnetra Kazhagam,CHINNADURAI. K,Dravida Munnetra Kazhagam,13975,18,20,Result in Progress
Tamil Nadu,GINGEE,70,GANESHKUMAR A,Pattali Makkal Katchi,GINGEE MASTHAN K S,Dravida Munnetra Kazhagam,8548,12,23,Result in Progress
Tamil Nadu,GOBICHETTIPALAYAM,106,SENGOTTAIYAN.K.A,Tamilaga Vettri Kazhagam,NALLASIVAM.N,Dravida Munnetra Kazhagam,16620,23,23,Result Declared
Tamil Nadu,GUDALUR,109,DHRAVIDAMANI.M,Dravida Munnetra Kazhagam,PON.JAYASEELAN,All India Anna Dravida Munnetra Kazhagam,22833,18,18,Result Declared
Tamil Nadu,GUDIYATTAM,46,K.SINDU,Tamilaga Vettri Kazhagam,K.B.PRADAP,Desiya Murpokku Dravida Kazhagam,7140,21,23,Result in Progress
Tamil Nadu,GUMMIDIPOONDI,1,S.VIJAYAKUMAR,Tamilaga Vettri Kazhagam,SUDHAKAR.V,All India Anna Dravida Munnetra Kazhagam,23980,19,25,Result in Progress
Tamil Nadu,HARBOUR,18,P K SEKARBABU,Dravida Munnetra Kazhagam,SINORA P S ASHOK,Tamilaga Vettri Kazhagam,10520,13,14,Result in Progress
Tamil Nadu,HARUR,61,SAMPATHKUMAR. V,All India Anna Dravida Munnetra Kazhagam,SHANMUGAM. A,Dravida Munnetra Kazhagam,4400,21,23,Result in Progress
Tamil Nadu,HOSUR,55,BALAKRISHNAREDDY. P,All India Anna Dravida Munnetra Kazhagam,SATHYA.S.A.,Dravida Munnetra Kazhagam,24775,21,34,Result in Progress
Tamil Nadu,JAYANKONDAM,150,VAITHILINGAM G.,Pattali Makkal Katchi,KANNAN KA.SO.KA.,Dravida Munnetra Kazhagam,16467,21,23,Result in Progress
Tamil Nadu,JOLARPET,49,VEERAMANI K.C.,All India Anna Dravida Munnetra Kazhagam,MUNISAMY C,Tamilaga Vettri Kazhagam,15081,19,21,Result in Progress
Tamil Nadu,KADAYANALLUR,221,RAJENDRAN. T. M,Dravida Munnetra Kazhagam,C. KRISHNAMURALI,All India Anna Dravida Munnetra Kazhagam,7363,18,26,Result in Progress
Tamil Nadu,KALASAPAKKAM,65,AGRI KRISHNAMURTHY. S S,All India Anna Dravida Munnetra Kazhagam,SARAVANAN. P.S.T,Dravida Munnetra Kazhagam,14908,13,22,Result in Progress
Tamil Nadu,KALLAKURICHI,80,ARUL VIGNESH C,Tamilaga Vettri Kazhagam,MALATHI K,Viduthalai Chiruthaigal Katchi,2825,19,27,Result in Progress
Tamil Nadu,KANCHEEPURAM,37,R.V. RANJITHKUMAR,Tamilaga Vettri Kazhagam,V. SOMASUNDARAM,All India Anna Dravida Munnetra Kazhagam,11252,18,26,Result in Progress
Tamil Nadu,KANGAYAM,102,NSN NATARAJ,All India Anna Dravida Munnetra Kazhagam,MANI GOUNDER,Tamilaga Vettri Kazhagam,8009,17,23,Result in Progress
Tamil Nadu,KANNIYAKUMARI,229,THALAVAI SUNDARAM. N,All India Anna Dravida Munnetra Kazhagam,MAHESH.R,Dravida Munnetra Kazhagam,5147,18,26,Result in Progress
Tamil Nadu,KARAIKUDI,184,DR.PRABHU. TK,Tamilaga Vettri Kazhagam,MANGUDI. S,Indian National Congress,30316,17,28,Result in Progress
Tamil Nadu,KARUR,135,M.R. VIJAYABHASKAR,All India Anna Dravida Munnetra Kazhagam,AASEE.M. THIAGARAJAN,Dravida Munnetra Kazhagam,4677,14,21,Result in Progress
Tamil Nadu,KATPADI,40,DR M SUDHAKAR,Tamilaga Vettri Kazhagam,V. RAMU,All India Anna Dravida Munnetra Kazhagam,2736,13,20,Result in Progress
Tamil Nadu,KATTUMANNARKOIL,159,L.E. JOTHIMANI,Viduthalai Chiruthaigal Katchi,A. SOZHAN,Pattali Makkal Katchi,24339,16,21,Result in Progress
Tamil Nadu,KAVUNDAMPALAYAM,117,KANIMOZHI SANTHOSH,Tamilaga Vettri Kazhagam,ARUNKUMAR PRG,All India Anna Dravida Munnetra Kazhagam,42140,28,28,Result in Progress
Tamil Nadu,KILLIYOOR,234,RAJESH KUMAR. S,Indian National Congress,SABIN. S,Tamilaga Vettri Kazhagam,3217,19,22,Result in Progress
Tamil Nadu,KILPENNATHUR,64,RAMACHANDRAN.S,All India Anna Dravida Munnetra Kazhagam,PITCHANDI.K,Dravida Munnetra Kazhagam,29935,19,22,Result in Progress
Tamil Nadu,KILVAITHINANKUPPAM,45,THENRAL KUMAR. E,Tamilaga Vettri Kazhagam,DR. RAJESWARI. R,Dravida Munnetra Kazhagam,11436,10,19,Result in Progress
Tamil Nadu,KILVELUR,164,LATHA. T,Communist Party of India (Marxist),SENTHIL PANDIAN. P,Tamilaga Vettri Kazhagam,1524,14,16,Result in Progress
Tamil Nadu,KINATHUKADAVU,122,VIGNESH K,Tamilaga Vettri Kazhagam,SABARI KARTHIKEYAN K.V.K.S,Dravida Munnetra Kazhagam,11710,31,31,Result in Progress
Tamil Nadu,KOLATHUR,13,V. S. BABU,Tamilaga Vettri Kazhagam,M. K. STALIN,Dravida Munnetra Kazhagam,8517,20,22,Result in Progress
Tamil Nadu,KOVILPATTI,218,KARUNANITHI.K,Dravida Munnetra Kazhagam,BALASUBRAMANIAN.S,Tamilaga Vettri Kazhagam,1054,19,23,Result in Progress
Tamil Nadu,KRISHNAGIRI,53,MUKUNDHAN.P,Tamilaga Vettri Kazhagam,ASHOKKUMAR.K,All India Anna Dravida Munnetra Kazhagam,19746,22,25,Result in Progress
Tamil Nadu,KRISHNARAYAPURAM,136,SATHYA. M,Tamilaga Vettri Kazhagam,DR. DHIVYA. S,All India Anna Dravida Munnetra Kazhagam,3176,15,20,Result in Progress
Tamil Nadu,KULITHALAI,137,G.BALASUBRAMANI,Tamilaga Vettri Kazhagam,SURIYANUR. A. CHANDRAN,Dravida Munnetra Kazhagam,1748,16,21,Result in Progress
Tamil Nadu,KUMARAPALAYAM,97,C.VIJAYALAKSHMI,Tamilaga Vettri Kazhagam,P.THANGAMANI,All India Anna Dravida Munnetra Kazhagam,5624,17,24,Result in Progress
Tamil Nadu,KUMBAKONAM,171,ANBALAGAN G,Dravida Munnetra Kazhagam,VINOTH,Tamilaga Vettri Kazhagam,86,19,22,Result in Progress
Tamil Nadu,KUNNAM,148,SIVASANKAR. S.S,Dravida Munnetra Kazhagam,SARANYA. A,All India Anna Dravida Munnetra Kazhagam,16694,22,25,Result in Progress
Tamil Nadu,KURINJIPADI,156,M.R.K.PANNEERSELVAM,Dravida Munnetra Kazhagam,A BHUVANENTHIRAN,All India Anna Dravida Munnetra Kazhagam,3827,18,20,Result in Progress
Tamil Nadu,LALGUDI,143,LEEMAROSE MARTIN,All India Anna Dravida Munnetra Kazhagam,KU PA KRISHNAN,Tamilaga Vettri Kazhagam,1106,18,21,Result in Progress
Tamil Nadu,MADATHUKULAM,126,R JAYARAMAKRISHNAN,Dravida Munnetra Kazhagam,C SHANMUGAVELU,Amma Makkal Munnettra Kazagam,6444,15,21,Result in Progress
Tamil Nadu,MADAVARAM,9,M.L.VIJAYPRABHU,Tamilaga Vettri Kazhagam,S.SUDHARSANAM,Dravida Munnetra Kazhagam,94985,19,19,Result in Progress
Tamil Nadu,MADURAI CENTRAL,193,MADHAR BADHURUDEEN,Tamilaga Vettri Kazhagam,PALANIVEL THIAGA RAJAN,Dravida Munnetra Kazhagam,19467,17,19,Result in Progress
Tamil Nadu,MADURAI EAST,189,KARTHIKEYAN S,Tamilaga Vettri Kazhagam,MOORTHY P,Dravida Munnetra Kazhagam,15039,25,29,Result in Progress
Tamil Nadu,MADURAI NORTH,191,A.KALLANAI,Tamilaga Vettri Kazhagam,G.THALAPATHI,Dravida Munnetra Kazhagam,16521,17,19,Result in Progress
Tamil Nadu,MADURAI SOUTH,192,M.M.GOPISON,Tamilaga Vettri Kazhagam,M.BOOMINATHAN,Dravida Munnetra Kazhagam,21529,17,17,Result in Progress
Tamil Nadu,MADURAI WEST,194,THANGAPANDI SR,Tamilaga Vettri Kazhagam,BALAJI R,Dravida Munnetra Kazhagam,10364,22,24,Result in Progress
Tamil Nadu,MADURANTAKAM,35,MARAGATHAM KUMARAVEL.K,All India Anna Dravida Munnetra Kazhagam,EZHIL KATHARINE EZHILMALAI,Tamilaga Vettri Kazhagam,6572,19,22,Result in Progress
Tamil Nadu,MADURAVOYAL,7,RHEVANTH CHARAN,Tamilaga Vettri Kazhagam,GANAPATHY. K,Dravida Munnetra Kazhagam,46586,16,25,Result in Progress
Tamil Nadu,MAILAM,71,SHANMUGAM C VE,All India Anna Dravida Munnetra Kazhagam,VIJAY NIRANJAN A,Tamilaga Vettri Kazhagam,29343,19,20,Result in Progress
Tamil Nadu,MANACHANALLUR,144,KATHIRAVAN. S,Dravida Munnetra Kazhagam,V.SARAVANAN,Tamilaga Vettri Kazhagam,11790,20,22,Result in Progress
Tamil Nadu,MANAMADURAI,187,ELANGOVAN.D,Tamilaga Vettri Kazhagam,TAMILARASI.A,Dravida Munnetra Kazhagam,5069,14,27,Result in Progress
Tamil Nadu,MANAPPARAI,138,R. KATHIRAVAN,Tamilaga Vettri Kazhagam,DR. PL. VIJAYAKUMAR,All India Anna Dravida Munnetra Kazhagam,1360,23,25,Result in Progress
Tamil Nadu,MANNARGUDI,167,KAMARAJ. S,Amma Makkal Munnettra Kazagam,RAJAA.T.R.B,Dravida Munnetra Kazhagam,1840,20,22,Result in Progress
Tamil Nadu,MAYILADUTHURAI,161,JAMAL MOHAMED YOUNOOS. Y.N,Indian National Congress,PALANISAMY. A M.COM.,Pattali Makkal Katchi,8867,19,22,Result in Progress
Tamil Nadu,MELUR,188,P.VISWANATHAN,Indian National Congress,A.MADURAIVEERAN,Tamilaga Vettri Kazhagam,2724,21,21,Result Declared
Tamil Nadu,METTUPPALAYAM,111,SUNILANAND,Tamilaga Vettri Kazhagam,SMT.KAVITHA KALYANASUNDARAM,Dravida Munnetra Kazhagam,2516,19,26,Result in Progress
Tamil Nadu,METTUR,85,VENKATACHALAM. G,All India Anna Dravida Munnetra Kazhagam,MIDHUN CHAKRAVARTHY. M,Dravida Munnetra Kazhagam,1968,16,24,Result in Progress
Tamil Nadu,MODAKKURICHI,100,D.SHANMUGAN,Tamilaga Vettri Kazhagam,S.KIRTHIKA,Bharatiya Janata Party,2502,20,21,Result in Progress
Tamil Nadu,MUDHUKULATHUR,212,R.S.RAJAKANNAPPAN,Dravida Munnetra Kazhagam,MALARVIZHI. B,Tamilaga Vettri Kazhagam,15064,26,30,Result in Progress
Tamil Nadu,MUSIRI,145,M.VIGNESH,Tamilaga Vettri Kazhagam,N.S.KARUNAIRAAJA,Dravida Munnetra Kazhagam,17442,21,21,Result Declared
Tamil Nadu,MYLAPORE,25,VENKATARAMANAN. P,Tamilaga Vettri Kazhagam,VELU. DHA,Dravida Munnetra Kazhagam,28972,21,21,Result Declared
Tamil Nadu,NAGAPATTINAM,163,M.H.JAWAHIRULLAH,Dravida Munnetra Kazhagam,M.SUGUMAR,Tamilaga Vettri Kazhagam,9620,13,18,Result in Progress
Tamil Nadu,NAGERCOIL,230,AUSTIN,Dravida Munnetra Kazhagam,BERVIN KINGS G,Tamilaga Vettri Kazhagam,6972,21,23,Result in Progress
Tamil Nadu,NAMAKKAL,94,DILIP C S,Tamilaga Vettri Kazhagam,SRIDEVI MOHAN P S,All India Anna Dravida Munnetra Kazhagam,1325,11,23,Result in Progress
Tamil Nadu,NANGUNERI,227,REDDIARPATTI V. NARAYANAN,Tamilaga Vettri Kazhagam,RUBY.R.MANOHARAN,Indian National Congress,16419,25,25,Result Declared
Tamil Nadu,NANNILAM,169,KAMARAJ. R,All India Anna Dravida Munnetra Kazhagam,MOHAMED MUBARAK,Dravida Munnetra Kazhagam,36538,22,25,Result in Progress
Tamil Nadu,NATHAM,131,NATHAM VISWANATHAN R,All India Anna Dravida Munnetra Kazhagam,SELVAKUMAR K,Dravida Munnetra Kazhagam,11415,21,26,Result in Progress
Tamil Nadu,NEYVELI,153,RAJENDRAN.R,All India Anna Dravida Munnetra Kazhagam,SABA.RAJENDRAN,Dravida Munnetra Kazhagam,10112,17,19,Result in Progress
Tamil Nadu,NILAKKOTTAI,130,AYYANAR.R,Tamilaga Vettri Kazhagam,NAGAJOTHI.S,Dravida Munnetra Kazhagam,2684,16,23,Result in Progress
Tamil Nadu,ODDANCHATRAM,128,SAKKARAPANI. R,Dravida Munnetra Kazhagam,VIDIYAL S. SEKAR,Bharatiya Janata Party,39272,21,24,Result in Progress
Tamil Nadu,OMALUR,84,MANI. R,All India Anna Dravida Munnetra Kazhagam,ADHIYAMAAN. R.V,Tamilaga Vettri Kazhagam,15240,23,26,Result in Progress
Tamil Nadu,ORATHANADU,175,R. VAITHILINGAM,Dravida Munnetra Kazhagam,DR. K. ARVIND,Tamilaga Vettri Kazhagam,35028,24,24,Result in Progress
Tamil Nadu,OTTAPIDARAM,217,P .MATHANRAJA,Tamilaga Vettri Kazhagam,P.M.RAMAJEYAM,Dravida Munnetra Kazhagam,25087,20,23,Result in Progress
Tamil Nadu,PADMANABHAPURAM,232,CHELLASWAMY. R,Communist Party of India (Marxist),KRISHNA KUMAR. S,Tamilaga Vettri Kazhagam,13164,20,23,Result in Progress
Tamil Nadu,PALACODU,57,ANBALAGAN. K.P.,All India Anna Dravida Munnetra Kazhagam,GOPI. R.,Tamilaga Vettri Kazhagam,39042,23,23,Result in Progress
Tamil Nadu,PALANI,127,DR. PRAVEEN KUMAR. M,Tamilaga Vettri Kazhagam,RAVIMANOHARAN. K,All India Anna Dravida Munnetra Kazhagam,568,22,25,Result in Progress
Tamil Nadu,PALAYAMKOTTAI,226,M.ABDUL WAHAB,Dravida Munnetra Kazhagam,MARIA JOHN,Tamilaga Vettri Kazhagam,13805,22,22,Result Declared
Tamil Nadu,PALLADAM,115,K.RAMKUMAR,Tamilaga Vettri Kazhagam,K.SELVARAJ,Dravida Munnetra Kazhagam,40401,29,35,Result in Progress
Tamil Nadu,PALLAVARAM,30,J.KAMATCHI,Tamilaga Vettri Kazhagam,D.MURUGESAN,Desiya Murpokku Dravida Kazhagam,33381,20,34,Result in Progress
Tamil Nadu,PANRUTI,154,MOHAN. K,All India Anna Dravida Munnetra Kazhagam,ABDUR RAHMAN. A.R,Viduthalai Chiruthaigal Katchi,10318,20,23,Result in Progress
Tamil Nadu,PAPANASAM,172,A.M. SHAHJAHAN,Indian Union Muslim League,AZARUDEEN UDUMAN ALI,Tamilaga Vettri Kazhagam,5869,13,23,Result in Progress
Tamil Nadu,PAPPIREDDIPATTI,60,MARAGATHAM VETRIVEL,All India Anna Dravida Munnetra Kazhagam,PALANIAPPAN. P,Dravida Munnetra Kazhagam,35472,21,23,Result in Progress
Tamil Nadu,PARAMAKUDI,209,ADVOCATE. KATHIRAVAN. K.K,Dravida Munnetra Kazhagam,GOPIRAJAN. G,Tamilaga Vettri Kazhagam,2437,22,24,Result in Progress
Tamil Nadu,PARAMATHI-VELUR,95,MOORTHIY K S,Dravida Munnetra Kazhagam,SEKAR S,All India Anna Dravida Munnetra Kazhagam,1009,13,20,Result in Progress
Tamil Nadu,PATTUKKOTTAI,176,ANNADURAI K,Dravida Munnetra Kazhagam,MATHAN C,Tamilaga Vettri Kazhagam,5187,17,23,Result in Progress
Tamil Nadu,PENNAGARAM,58,GAJENDRAN. S.,Tamilaga Vettri Kazhagam,SELVAM. V.,Pattali Makkal Katchi,6081,20,23,Result in Progress
Tamil Nadu,PERAMBALUR,147,SIVAKUMAR. K,Tamilaga Vettri Kazhagam,DR. JAYALAKSHMI. S.T,Dravida Munnetra Kazhagam,13571,25,28,Result in Progress
Tamil Nadu,PERAMBUR,12,C. JOSEPH VIJAY,Tamilaga Vettri Kazhagam,R.D. SHEKAR,Dravida Munnetra Kazhagam,34744,14,22,Result in Progress
Tamil Nadu,PERAVURANI,177,ASHOKKUMAR. N,Dravida Munnetra Kazhagam,GOVI.ELANGO,All India Anna Dravida Munnetra Kazhagam,681,9,21,Result in Progress
Tamil Nadu,PERIYAKULAM,199,SABARI IYNGARAN G.,Tamilaga Vettri Kazhagam,SAKTHIVEL P.,Viduthalai Chiruthaigal Katchi,6271,18,26,Result in Progress
Tamil Nadu,PERUNDURAI,103,JAYAKUMAR. S,All India Anna Dravida Munnetra Kazhagam,THOPPU VENKATACHALAM (ALIAS) N.D. VENKATACHALAM,Dravida Munnetra Kazhagam,8854,19,21,Result in Progress
Tamil Nadu,POLLACHI,123,K. NITHYANANDHAN,Dravida Munnetra Kazhagam,POLLACHI V. JAYARAMAN,All India Anna Dravida Munnetra Kazhagam,4779,20,22,Result in Progress
Tamil Nadu,POLUR,66,ABISHEK. R,Tamilaga Vettri Kazhagam,SARAVANAN. P,Desiya Murpokku Dravida Kazhagam,491,11,22,Result in Progress
Tamil Nadu,PONNERI,2,DR.RAVI.M.S,Tamilaga Vettri Kazhagam,DURAI CHANDRASEKAR,Indian National Congress,49607,21,24,Result in Progress
Tamil Nadu,POOMPUHAR,162,NIVEDHA M MURUGAN,Dravida Munnetra Kazhagam,PAVUNRAJ. S,All India Anna Dravida Munnetra Kazhagam,5339,16,25,Result in Progress
Tamil Nadu,POONAMALLEE,5,PRAKASAM.R,Tamilaga Vettri Kazhagam,KRISHNASWAMY.A,Dravida Munnetra Kazhagam,62906,20,25,Result in Progress
Tamil Nadu,PUDUKKOTTAI,180,V. MUTHURAJA,Dravida Munnetra Kazhagam,K.M. SHARIFF,Tamilaga Vettri Kazhagam,3124,16,22,Result in Progress
Tamil Nadu,RADHAPURAM,228,DR.SATHISH CHRISTOPHER,Tamilaga Vettri Kazhagam,APPAVU.M,Dravida Munnetra Kazhagam,12313,26,26,Result Declared
Tamil Nadu,RAJAPALAYAM,202,JEGADESHWARI. K,Tamilaga Vettri Kazhagam,THANGAPANDIAN. S,Dravida Munnetra Kazhagam,10634,19,21,Result in Progress
Tamil Nadu,RAMANATHAPURAM,211,KATHARBATCHA MUTHURAMALINGAM,Dravida Munnetra Kazhagam,SHAHUL HAMEED,Tamilaga Vettri Kazhagam,12459,31,31,Result in Progress
Tamil Nadu,RANIPET,41,THAHIRA,Tamilaga Vettri Kazhagam,R. GANDHI,Dravida Munnetra Kazhagam,5853,20,22,Result in Progress
Tamil Nadu,RASIPURAM,92,LOGESH TAMILSELVAN D,Tamilaga Vettri Kazhagam,PREMKUMAR S D,Bharatiya Janata Party,14030,19,21,Result in Progress
Tamil Nadu,RISHIVANDIYAM,78,KARTHIKEYAN K,Dravida Munnetra Kazhagam,ASHOK KUMAR G,Tamilaga Vettri Kazhagam,3064,15,25,Result in Progress
Tamil Nadu,ROYAPURAM,17,K.V. VIJAY DAMU,Tamilaga Vettri Kazhagam,DR. A. SUBAIR KHAN,Dravida Munnetra Kazhagam,14249,15,15,Result in Progress
Tamil Nadu,SAIDAPET,23,ARUL PRAKASAM. M,Tamilaga Vettri Kazhagam,SUBRAMANIAN. MA,Dravida Munnetra Kazhagam,25856,18,21,Result in Progress
Tamil Nadu,SALEM (NORTH),89,SIVAKUMAR. K,Tamilaga Vettri Kazhagam,RAJENDRAN. R,Dravida Munnetra Kazhagam,10013,18,21,Result in Progress
Tamil Nadu,SALEM (SOUTH),90,VIJAY TAMILAN PARTHIBAN. A,Tamilaga Vettri Kazhagam,LOGANATHAN. M,Dravida Munnetra Kazhagam,33203,19,20,Result in Progress
Tamil Nadu,SALEM (WEST),88,LAKSHMANAN.S,Tamilaga Vettri Kazhagam,KARTHE.M,Pattali Makkal Katchi,60820,18,23,Result in Progress
Tamil Nadu,SANKARANKOVIL,219,DR. DHILIPAN JAISHANKAR,All India Anna Dravida Munnetra Kazhagam,C. RAMARAJAN,Tamilaga Vettri Kazhagam,4185,18,23,Result in Progress
Tamil Nadu,SANKARAPURAM,79,UDHAYASURIYAN T,Dravida Munnetra Kazhagam,RAKESH R,All India Anna Dravida Munnetra Kazhagam,2436,12,25,Result in Progress
Tamil Nadu,SANKARI,87,VETRIVEL. S,All India Anna Dravida Munnetra Kazhagam,SENTHILKUMAR. K,Tamilaga Vettri Kazhagam,7677,23,25,Result in Progress
Tamil Nadu,SATTUR,204,NAINAR NAGENTHRAN,Bharatiya Janata Party,KADARKARAIRAJ. A,Dravida Munnetra Kazhagam,777,9,21,Result in Progress
Tamil Nadu,SENTHAMANGALAM,93,P CHANDRASEKAR,Tamilaga Vettri Kazhagam,C CHANDRASEKARAN,All India Anna Dravida Munnetra Kazhagam,2655,23,23,Result Declared
Tamil Nadu,SHOLAVANDAN,190,KARUPPAIAH.M.V,Tamilaga Vettri Kazhagam,VENKATESAN.A,Dravida Munnetra Kazhagam,727,13,19,Result in Progress
Tamil Nadu,SHOLINGUR,39,K.SARAVANAN,Pattali Makkal Katchi,G.KAPIL,Tamilaga Vettri Kazhagam,2024,13,25,Result in Progress
Tamil Nadu,SHOZHINGANALLUR,27,ECR P SARAVANAN,Tamilaga Vettri Kazhagam,S. ARAVIND RAMESH,Dravida Munnetra Kazhagam,49576,16,30,Result in Progress
Tamil Nadu,SINGANALLUR,121,K.S.SRI GIRI PRASATH,Tamilaga Vettri Kazhagam,K.R.JAYARAM,All India Anna Dravida Munnetra Kazhagam,19512,18,26,Result in Progress
Tamil Nadu,SIRKAZHI,160,SENTHILSELVAN.R,Dravida Munnetra Kazhagam,GOPINATH.S,Tamilaga Vettri Kazhagam,7449,15,22,Result in Progress
Tamil Nadu,SIVAGANGA,186,KULANTHAI RANI A,Tamilaga Vettri Kazhagam,SENTHILNATHAN PR,All India Anna Dravida Munnetra Kazhagam,13396,21,29,Result in Progress
Tamil Nadu,SIVAKASI,205,KEERTHANA S,Tamilaga Vettri Kazhagam,ASHOKAN G,Indian National Congress,3855,10,21,Result in Progress
Tamil Nadu,SRIPERUMBUDUR,29,THENNARASU.K,Tamilaga Vettri Kazhagam,K. SELVAPERUNTHAGAI,Indian National Congress,34744,20,32,Result in Progress
Tamil Nadu,SRIRANGAM,139,RAMESH,Tamilaga Vettri Kazhagam,R.MANOHARAN,All India Anna Dravida Munnetra Kazhagam,25677,17,27,Result in Progress
Tamil Nadu,SRIVAIKUNTAM,216,SARAVANAN. G,Tamilaga Vettri Kazhagam,SHANMUGANATHAN. S. P,All India Anna Dravida Munnetra Kazhagam,1186,21,21,Result Declared
Tamil Nadu,SRIVILLIPUTHUR,203,KARTHIK.A,Tamilaga Vettri Kazhagam,MAHALINGAM.P,Communist Party of India,2866,17,22,Result in Progress
Tamil Nadu,SULUR,116,NM.SUKUMAR,Tamilaga Vettri Kazhagam,THALAPATHY MURUGESAN,Dravida Munnetra Kazhagam,11480,23,28,Result in Progress
Tamil Nadu,TAMBARAM,31,D.SARATHKUMAR,Tamilaga Vettri Kazhagam,R.S.KIRUTHIKA DEVI,Dravida Munnetra Kazhagam,25679,26,34,Result in Progress
Tamil Nadu,TENKASI,222,DR.KALAI KATHIRAVAN,Dravida Munnetra Kazhagam,S.SELVA MOHANDAS PANDIAN,All India Anna Dravida Munnetra Kazhagam,6661,18,26,Result in Progress
Tamil Nadu,THALLI,56,DR.NAGESH KUMAR. C,Bharatiya Janata Party,RAMACHANDRAN. T,Communist Party of India,354,16,24,Result in Progress
Tamil Nadu,THANJAVUR,174,R. VIJAYSARAVANAN,Tamilaga Vettri Kazhagam,SHAN. RAMANATHAN,Dravida Munnetra Kazhagam,16955,24,24,Result Declared
Tamil Nadu,THIRU-VI-KA-NAGAR,15,M. R. PALLAVI,Tamilaga Vettri Kazhagam,K. S. RAVICHANDRAN,Dravida Munnetra Kazhagam,22333,17,17,Result Declared
Tamil Nadu,THIRUMANGALAM,196,MANIMARAN.M,Dravida Munnetra Kazhagam,UDHAYAKUMAR.R.B,All India Anna Dravida Munnetra Kazhagam,22494,24,26,Result in Progress
Tamil Nadu,THIRUMAYAM,181,VAIRAMUTHU.PK,All India Anna Dravida Munnetra Kazhagam,REGUPATHY.S,Dravida Munnetra Kazhagam,1695,13,22,Result in Progress
Tamil Nadu,THIRUPARANKUNDRAM,195,NIRMALKUMAR. R.,Tamilaga Vettri Kazhagam,KIRUTHIGA THANGAPANDI,Dravida Munnetra Kazhagam,26575,17,26,Result in Progress
Tamil Nadu,THIRUPORUR,33,B.VIJAYARAJ,Tamilaga Vettri Kazhagam,R. PANNEERDOSS,Viduthalai Chiruthaigal Katchi,28609,17,29,Result in Progress
Tamil Nadu,THIRUTHURAIPOONDI,166,MARIMUTHU.K,Communist Party of India,PANDIYAN.S,Tamilaga Vettri Kazhagam,12922,21,21,Result in Progress
Tamil Nadu,THIRUVAIYARU,173,DURAI. CHANDRASEKARAN,Dravida Munnetra Kazhagam,MATHI. MANIKANDAN,Tamilaga Vettri Kazhagam,8022,16,25,Result in Progress
Tamil Nadu,THIRUVALLUR,4,DR. T. ARUNKUMAR,Tamilaga Vettri Kazhagam,V.G. RAAJENDRAN,Dravida Munnetra Kazhagam,19690,20,24,Result in Progress
Tamil Nadu,THIRUVARUR,168,KALAIVANAN POONDI K,Dravida Munnetra Kazhagam,VEERAMANI V,Tamilaga Vettri Kazhagam,18148,25,25,Result in Progress
Tamil Nadu,THIRUVERUMBUR,142,VIJAYAKUMAR (A) NAVALPATTU S. VIJI,Tamilaga Vettri Kazhagam,ANBIL MAHESH POYYAMOZHI,Dravida Munnetra Kazhagam,6646,16,23,Result in Progress
Tamil Nadu,THIRUVIDAIMARUDUR,170,GOVI.CHEZHIAAN,Dravida Munnetra Kazhagam,S.PRABAKARAN,Tamilaga Vettri Kazhagam,11449,19,24,Result in Progress
Tamil Nadu,THIRUVOTTIYUR,10,SENTHIL KUMAR. N,Tamilaga Vettri Kazhagam,SUNDARARAJ. L,Communist Party of India (Marxist),45921,21,25,Result in Progress
Tamil Nadu,THIYAGARAYANAGAR,24,ANAND N,Tamilaga Vettri Kazhagam,SATHIYANARAYANAN B,All India Anna Dravida Munnetra Kazhagam,13027,18,18,Result in Progress
Tamil Nadu,THONDAMUTHUR,119,S.P.VELUMANI,All India Anna Dravida Munnetra Kazhagam,SATHISH RAJU (ALIAS) K.P.R. SATHISH,Tamilaga Vettri Kazhagam,8622,17,27,Result in Progress
Tamil Nadu,THOOTHUKKUDI,214,SRINATH,Tamilaga Vettri Kazhagam,P. GEETHA JEEVAN,Dravida Munnetra Kazhagam,33620,22,26,Result in Progress
Tamil Nadu,THOUSAND LIGHTS,20,PRABHAKAR.J.C.D,Tamilaga Vettri Kazhagam,EZHILAN NAGANATHAN,Dravida Munnetra Kazhagam,12375,15,18,Result in Progress
Tamil Nadu,THURAIYUR,146,RAVISANKAR.M,Tamilaga Vettri Kazhagam,E.SAROJA,All India Anna Dravida Munnetra Kazhagam,8558,19,22,Result in Progress
Tamil Nadu,TINDIVANAM,72,ARJUNAN. P,All India Anna Dravida Munnetra Kazhagam,VANNI ARASU,Viduthalai Chiruthaigal Katchi,819,16,23,Result in Progress
Tamil Nadu,TIRUCHENDUR,215,ANITHA R. RADHAKRISHNAN,Dravida Munnetra Kazhagam,J. MURUGAN,Tamilaga Vettri Kazhagam,6551,20,22,Result in Progress
Tamil Nadu,TIRUCHENGODU,96,ARUNRAJ K G,Tamilaga Vettri Kazhagam,SRMT SEKAR (A) CHANDRASEKAR R,All India Anna Dravida Munnetra Kazhagam,16892,14,21,Result in Progress
Tamil Nadu,TIRUCHIRAPPALLI (EAST),141,C. JOSEPH VIJAY,Tamilaga Vettri Kazhagam,S. INIGO IRUDAYARAJ,Dravida Munnetra Kazhagam,17733,13,22,Result in Progress
Tamil Nadu,TIRUCHIRAPPALLI (WEST),140,K.N.NEHRU,Dravida Munnetra Kazhagam,G.RAMAMOORTHI,Tamilaga Vettri Kazhagam,4786,24,24,Result Declared
Tamil Nadu,TIRUCHULI,208,THANGAM THENARASU,Dravida Munnetra Kazhagam,SAMAYAN.S,Tamilaga Vettri Kazhagam,6865,13,21,Result in Progress
Tamil Nadu,TIRUKKOYILUR,76,VIJAY R BARANIBALAAJI,Tamilaga Vettri Kazhagam,PALANISAMY S,All India Anna Dravida Munnetra Kazhagam,3414,18,24,Result in Progress
Tamil Nadu,TIRUNELVELI,224,MURUGHAN.R.S.,Tamilaga Vettri Kazhagam,SUBRAMANIAN.S,Dravida Munnetra Kazhagam,11414,28,28,Result Declared
Tamil Nadu,TIRUPPATTUR,50,DR.THIRUPATHI. N,Tamilaga Vettri Kazhagam,NALLATHAMBI. A,Dravida Munnetra Kazhagam,30514,14,22,Result in Progress
Tamil Nadu,TIRUPPATTUR,185,PERIAKARUPPAN. KR,Dravida Munnetra Kazhagam,SEENIVASA SETHUPATHY. R,Tamilaga Vettri Kazhagam,3885,16,27,Result in Progress
Tamil Nadu,TIRUPPUR (NORTH),113,V.SATHYABAMA,Tamilaga Vettri Kazhagam,M.S.M.ANANDAN,All India Anna Dravida Munnetra Kazhagam,48445,21,32,Result in Progress
Tamil Nadu,TIRUPPUR (SOUTH),114,BALAMURUGAN. S,Tamilaga Vettri Kazhagam,DINESHKUMAR. N,Dravida Munnetra Kazhagam,11742,15,21,Result in Progress
Tamil Nadu,TIRUTTANI,3,G.HARI,All India Anna Dravida Munnetra Kazhagam,M.SATHYA KUMAR,Tamilaga Vettri Kazhagam,9991,16,25,Result in Progress
Tamil Nadu,TIRUVADANAI,210,RAJEEV,Tamilaga Vettri Kazhagam,RM. KARUMANICKAM,Indian National Congress,3111,24,27,Result in Progress
Tamil Nadu,TIRUVANNAMALAI,63,VELU. E.V,Dravida Munnetra Kazhagam,ARUL ARUMUGAM,Tamilaga Vettri Kazhagam,1417,13,23,Result in Progress
Tamil Nadu,TITTAKUDI,151,GANESAN C.V,Dravida Munnetra Kazhagam,RAJASEKAR A,Tamilaga Vettri Kazhagam,1550,14,20,Result in Progress
Tamil Nadu,UDHAGAMANDALAM,108,BHOJARAJAN.M,Bharatiya Janata Party,IBRAHIM.R,Tamilaga Vettri Kazhagam,1106,20,21,Result in Progress
Tamil Nadu,UDUMALAIPETTAI,125,JAYAKUMAR M.,Dravida Munnetra Kazhagam,RADHAKRISHNAN K.,All India Anna Dravida Munnetra Kazhagam,2882,22,22,Result Declared
Tamil Nadu,ULUNDURPETTAI,77,KUMARAGURU R,All India Anna Dravida Munnetra Kazhagam,VASANTHAVEL G R,Dravida Munnetra Kazhagam,2006,20,27,Result in Progress
Tamil Nadu,USILAMPATTI,197,VIJAY. M,Tamilaga Vettri Kazhagam,MAHENDRAN. I,All India Anna Dravida Munnetra Kazhagam,1973,15,25,Result in Progress
Tamil Nadu,UTHANGARAI,51,N ELAIYARAJA,Tamilaga Vettri Kazhagam,T M TAMILSELVAM,All India Anna Dravida Munnetra Kazhagam,5236,22,25,Result in Progress
Tamil Nadu,UTHIRAMERUR,36,MUNIRATHINAM.J,Tamilaga Vettri Kazhagam,SUNDAR.K,Dravida Munnetra Kazhagam,14343,21,23,Result in Progress
Tamil Nadu,VALPARAI,124,KUTTY (ALIAS) SUDHAKAR. A,Dravida Munnetra Kazhagam,DR. SRIDHARAN. A,Tamilaga Vettri Kazhagam,9371,19,19,Result Declared
Tamil Nadu,VANDAVASI,69,AMBETHKUMAR. S,Dravida Munnetra Kazhagam,RANI. P,All India Anna Dravida Munnetra Kazhagam,4168,18,21,Result in Progress
Tamil Nadu,VANIYAMBADI,47,SYED FAROOQ BASHA SSB,Indian Union Muslim League,SYED BHURHANUDEEN,Tamilaga Vettri Kazhagam,2982,24,24,Result in Progress
Tamil Nadu,VANUR,73,GOWTHAM D,Dravida Munnetra Kazhagam,SURESH P,Tamilaga Vettri Kazhagam,4914,19,22,Result in Progress
Tamil Nadu,VASUDEVANALLUR,220,E. RAJA,Dravida Munnetra Kazhagam,ANANTHAN AYYASAMY,Bharatiya Janata Party,7095,20,23,Result in Progress
Tamil Nadu,VEDARANYAM,165,MANIAN. O.S,All India Anna Dravida Munnetra Kazhagam,PUGAZHENDI. M,Dravida Munnetra Kazhagam,6971,16,18,Result in Progress
Tamil Nadu,VEDASANDUR,133,SAMINATHAN. T,Dravida Munnetra Kazhagam,PARAMASIVAM. V.P.B.,All India Anna Dravida Munnetra Kazhagam,10282,21,24,Result in Progress
Tamil Nadu,VEERAPANDI,91,PALANIVEL. M.S,Tamilaga Vettri Kazhagam,SRI BALAJI SUGUMAR. S,All India Anna Dravida Munnetra Kazhagam,4624,18,23,Result in Progress
Tamil Nadu,VELACHERY,26,KUMAR. R,Tamilaga Vettri Kazhagam,ASHOK. M.K,All India Anna Dravida Munnetra Kazhagam,32495,22,23,Result in Progress
Tamil Nadu,VELLORE,43,M.M.VINOTH KANNAN,Tamilaga Vettri Kazhagam,P.KARTHIKEYAN,Dravida Munnetra Kazhagam,6285,19,20,Result in Progress
Tamil Nadu,VEPPANAHALLI,54,SRINIVASAN.P.S,Dravida Munnetra Kazhagam,MUNUSAMY.K.P,All India Anna Dravida Munnetra Kazhagam,696,23,25,Result in Progress
Tamil Nadu,VIKRAVANDI,75,SIVAKUMAR C,Pattali Makkal Katchi,VIJAI VADIVEL A,Tamilaga Vettri Kazhagam,1882,13,23,Result in Progress
Tamil Nadu,VILATHIKULAM,213,MARKANDAYAN G V,Dravida Munnetra Kazhagam,P. KASIRAM,Tamilaga Vettri Kazhagam,8487,19,20,Result in Progress
Tamil Nadu,VILAVANCODE,233,PRAVEEN T.T,Indian National Congress,MICHAEL KUMAR K,Tamilaga Vettri Kazhagam,17852,18,22,Result in Progress
Tamil Nadu,VILLIVAKKAM,14,AADHAV ARJUNA,Tamilaga Vettri Kazhagam,KARTHIK MOHAN,Dravida Munnetra Kazhagam,16517,17,19,Result in Progress
Tamil Nadu,VILUPPURAM,74,LAKSHMANAN R,Dravida Munnetra Kazhagam,MOHANRAJ N,Tamilaga Vettri Kazhagam,3217,21,24,Result in Progress
Tamil Nadu,VIRALIMALAI,179,VIJAYABASKAR. C,All India Anna Dravida Munnetra Kazhagam,MURUGESAN. P,Tamilaga Vettri Kazhagam,44006,14,20,Result in Progress
Tamil Nadu,VIRUDHUNAGAR,206,SELVAM P,Tamilaga Vettri Kazhagam,VIJAYAPRABHAKAR,Desiya Murpokku Dravida Kazhagam,7675,14,21,Result in Progress
Tamil Nadu,VIRUGAMPAKKAM,22,SABARINATHAN.R,Tamilaga Vettri Kazhagam,PRABHAKARA RAJA.A.M.V,Dravida Munnetra Kazhagam,17427,15,23,Result in Progress
Tamil Nadu,VRIDDHACHALAM,152,PREMALLATHA VIJAYAKANT,Desiya Murpokku Dravida Kazhagam,VIJAY.S,Tamilaga Vettri Kazhagam,1301,21,24,Result in Progress
Tamil Nadu,YERCAUD,83,LAKSHMI JANARTHANAN. J,Tamilaga Vettri Kazhagam,USHARANI. P,All India Anna Dravida Munnetra Kazhagam,655,16,24,Result in Progress
